date,AAPL,AMD,AMZN,CL,COIN,COPPER,EUR,GOLD,GOOGL,HOOD,INTC,JPY,MAG7,META,MSFT,MSTR,MU,NATGAS,NFLX,NVDA,ORCL,PLATINUM,PLTR,RIVN,SILVER,SNDK,TSLA,URNM,USA500,USTECH
2025-11-12,,,,,,,,,,,,,,,,,,,,6846968.22,,,,,,,,,,
2025-11-13,,,,,,,,,,,,,,,,,,,,13086372.52,,,,,,,9928569.22,,,
2025-11-14,,,,,,,,,,,,,,,,,,,,14250420.04,,,3185276.03,,,,13426938.27,,,
2025-11-15,,,,,,,,,,,,,,,,,,,,11777816.39,,,3285603.54,,,,9996123.86,,,
2025-11-16,,,,,,,,,,,,,,,,,,,,10456093.02,,,2950881.1,,,,8281305.45,,,
2025-11-17,,,,,,,,,,,,,,,,,,,,13073944.72,,,4645131.37,,,,10633944.96,,,
2025-11-18,,,3421455.88,,,,,,9997618.94,,,,,,,,,,,14763306.71,,,5552268.42,,,,11411945.24,,,
2025-11-19,,,6549367.71,,,,,,21641588.23,,,,,,7594099.63,,,,,23525968.74,,,6698209.13,,,,12683167.4,,,
2025-11-20,,,6933009.02,,,,,,27036066.67,,,,,6669591.66,7346050.48,,,,,28566240.84,,,7681456.16,,,,15660431.16,,,
2025-11-21,2515328.94,,7200407.85,,,,,,28960419.87,,,,,7527971.19,6947490.89,,,,,35835580.12,,,11680384.1,,,,18059887.64,,,
2025-11-22,1804762.76,,5965943.01,,,,,,24132817.58,,,,,5228283.65,5381053.09,,,,,36101116.95,,,11562813.82,,,,17974562.1,,,
2025-11-23,1574047.5,,5143842.36,,,,,,20832197.95,,,,,4102123.77,4465460.75,,,,,36174948.73,,,11721002.85,,,,17966022.56,,,
2025-11-24,3337687.12,,5674267.39,,,,,,23655978.58,,,,,4738897.48,4702675.58,,,,,38324155.02,,,12929766.14,,,,19014096.44,,,
2025-11-25,4900080.96,,6858906.83,,4411717.07,,,,29001214.86,,,,,5970435.5,5183881.18,,,,,44389010.81,,,13578115.23,,,,21393607.79,,,
2025-11-26,4732122.49,,6039740.89,,6540417.94,,,,29158087.89,6548126.14,,,,6239897.46,5052513.99,,,,,41624505.52,,,13661484.98,,,,22338932.04,,,
2025-11-27,4234235.65,,5110493.43,,4796692.45,,,,25401502.8,4173218.76,,,,5516921.02,4296780.44,,,,,35881715.33,,,12045705.51,,,,19023348.71,,,
2025-11-28,4149444.53,,4654851.21,,5041073.68,,,,24881742.62,4097532.11,,,,4757392.23,3836915.21,,,,,28764600.45,,,8694177.85,,,,16604365.32,,,
2025-11-29,4101243.38,,4648345.49,,4195830.78,,,,25236029.1,3174739.86,,,,4805859.51,3913258.05,,,,,28256299.88,,,8630139.37,,,,16648892.82,,,
2025-11-30,4006840.44,,4783003.7,,3620520.19,,,,25518941.03,2707622.7,,,,4985311.35,3961855.93,,,,,27869768.84,,,8395797.94,,,,16637619.21,,,
2025-12-01,3286512.43,,4867481.96,,4911772.77,,,,24742654.92,3905679.05,,,,4640264.37,3769532.24,,,,,28190549.35,,,7409782.88,,,,15939518.84,,,
2025-12-02,2203346.84,,5148041.68,,5798408.44,,,,21683725.31,4556800.62,,,,3541056.94,3202952.78,5210508.88,,,,24739486.14,,,7298937.12,,,,14851313.66,,,
2025-12-03,2165217.63,,5900685.67,,6288974.57,,,,19460798.25,4964220.25,3535261.97,,,2917453.11,3234862.18,6322617.25,,,,23134396.6,,,7124105.32,,,,16087960.72,,,
2025-12-04,2605669.35,4028580.96,7247853.58,,8142030.67,,,,19849908.37,6439887.64,2726916.62,,,4731033.16,3924615.55,7930128.2,,,,24969914.16,,,8518221.8,,,,19244715.83,,,
2025-12-05,2554920.88,3071109.16,7382427.22,,10826841.58,,,,17573554.05,7314007.17,2352225.13,,,5442598.88,4019256.28,9440787.91,,,,24806721.25,4646236.0,,8838815.64,,,,20954470.91,,,
2025-12-06,2470025.11,2078400.31,7296446.82,,10913043.37,,,,16771351.14,7322075.76,1839633.97,,,5343320.08,4016568.33,7784857.25,,,,24686854.38,2371669.94,,8677639.31,,,,20782962.02,,,
2025-12-07,2434654.29,1597753.5,7073363.32,,10959758.64,,,,16317658.47,7338236.42,1505194.81,,,5096940.69,3908090.24,6699324.19,,,,24527896.62,1641288.28,,8528164.06,,,,20538430.77,,,
2025-12-08,2203198.79,2632265.42,6146382.95,,10309548.27,,,,14371633.03,7039980.96,1682607.61,,,4875994.14,3863326.22,6585880.78,,,606386.09,23607490.83,1758163.51,,7706367.37,,,,19889499.83,,,
2025-12-09,2042806.97,2803717.25,4668402.48,,10001109.52,,,,12305793.19,7099991.24,1678823.31,,,4865471.84,3625900.51,7274865.89,,,520004.9,21493206.27,1652287.24,,6993034.56,,,,18919429.96,,,
2025-12-10,1880892.92,3158920.7,4596272.36,,9764081.15,,,,12160461.29,7231079.87,1475074.04,,549097.23,5172642.26,3507468.79,7507385.12,,,587966.76,19240970.53,2426751.88,,9595988.71,,,,17034465.74,,,
2025-12-11,1446315.66,2821976.18,3808582.52,,9282919.64,,,,12352044.75,7329158.38,1318809.36,,782353.78,3771349.98,3155991.3,6716210.95,,,680128.81,19561274.79,3458691.41,,9967886.54,,,,15000211.19,,,
2025-12-12,1458102.97,2985638.1,3417376.38,,7270674.7,,,513946.33,12012636.35,8103027.43,1321404.27,,791689.44,3249510.3,2933757.21,5316264.58,,,819226.38,20959551.52,3805062.07,,10303524.81,,,,13925873.61,,,
2025-12-13,1445449.16,2997478.99,3375499.5,,7159172.79,,,346232.14,11833076.62,8071731.58,1302383.4,,682899.79,3261833.13,2771913.37,5168505.96,,,686839.43,20887401.26,3807419.37,,10194679.3,,,,13881176.71,,,
2025-12-14,1472238.76,2982902.8,3331369.33,,7071108.61,,,293417.71,11535885.73,8029863.46,1314400.07,,583438.01,3272818.53,2746105.5,5093500.79,,,626237.98,21188629.51,3830627.0,,10139764.19,,,,14080833.25,,,
2025-12-15,1422381.31,2158678.42,3439000.98,,6702443.88,,,427258.41,9022805.37,7786672.57,1184125.15,,599064.05,3054206.33,2284174.47,5038887.24,,,639718.22,18280178.78,4106251.02,,10425756.08,,,,16298757.61,,,
2025-12-16,1299291.68,1869508.83,3587972.41,,6170676.41,,,630981.08,8496691.6,7498385.16,1087460.55,,663771.32,2718525.49,2102887.32,4253089.06,,,674095.32,16035270.01,4227908.86,,10509050.19,,,,21164804.47,,,
2025-12-17,1329806.51,1410247.82,3185868.17,,6212674.35,,,740114.86,7502547.52,7470944.25,903171.71,,878415.31,2531084.38,1503490.55,3769124.84,,,746631.73,15946054.72,4008712.74,,7741822.01,,551774.13,,23742619.63,,,
2025-12-18,1760738.37,1362026.43,2977699.16,,5875933.9,,,1025271.93,6454631.5,6764122.09,942671.47,,978855.92,2242024.15,1077398.32,4437623.13,,,729812.17,13850234.19,3361817.97,,7318101.75,,1694469.03,,26525886.22,,,
2025-12-19,2424654.98,1241432.52,2999588.57,,5213142.81,,,1221910.36,5573404.1,5253216.21,937730.55,,1113256.11,2088288.84,1010892.79,4706151.78,449548.64,,602592.0,12253621.97,3393878.16,,6754118.33,,2376766.47,,25817587.15,,,
2025-12-20,2444145.04,1225928.14,3002187.44,,5155687.92,,,1221170.24,5600691.92,5260582.51,919312.4,,1088827.64,2050002.08,1006751.73,4697504.23,241891.04,,604832.77,12231418.5,3658933.76,,7300291.66,,1818072.23,,26000103.63,,,
2025-12-21,2402746.43,1230271.98,3020211.83,,5097212.44,,,1207682.13,5541244.34,5244412.15,895345.91,,1079169.29,2044430.74,992878.43,4621297.4,166357.96,,571809.48,11712715.84,3641958.38,,7309293.75,,1648179.17,,25732405.0,,,
2025-12-22,2364421.33,1211719.82,3084742.58,,4829290.37,,,1720059.81,5611704.5,4752712.91,754235.74,,1049696.68,2123614.09,924020.41,5073682.91,209452.17,,565507.65,10536694.88,3347614.04,,7014637.92,,1721610.57,,25276206.81,,,
2025-12-23,2248375.59,1153286.53,2843339.91,,4755568.94,,427570.37,2326407.72,4956714.73,4948113.11,714607.47,320670.61,1008778.84,2043572.47,849526.36,5018664.81,215293.74,,505017.57,9836853.97,3269347.25,,6453373.44,,1926262.98,,20052979.13,,,
2025-12-24,1949416.52,981414.65,2242496.97,,4090938.99,,413448.61,2581798.23,4003726.01,5088228.98,870280.24,441396.97,776310.46,1637960.56,697215.74,4658041.48,374266.86,,362134.57,7367174.31,2835633.09,,5636112.56,,2589386.79,,15494089.92,,,
2025-12-25,1365532.96,794490.88,2041289.39,,2879103.52,,327284.28,2349857.64,2863874.06,4022670.97,717937.76,330116.08,584576.62,1315132.39,559313.41,3200658.17,326047.02,,244311.42,5354897.07,2134489.34,,3986692.43,,2454907.67,,10949407.44,,,
2025-12-26,653451.37,553640.95,1843880.79,,2471786.23,,327647.04,2679502.56,2295670.45,3759325.93,537300.94,296294.77,416321.55,1032651.86,438632.98,2547883.23,281921.58,,224788.91,4808632.19,1317927.49,,3116887.39,,4956194.19,,9627273.41,,,
2025-12-27,648827.39,548915.66,1864784.95,,2447732.37,,273506.56,3062689.21,2409016.14,3741112.36,536673.1,243255.11,404152.06,1029751.51,447329.24,2544990.09,277669.1,,227598.84,4838581.82,1120467.06,,2580665.63,,5950189.7,,9554320.22,,,
2025-12-28,649310.75,543417.87,1846393.59,,2574601.99,,234335.65,3226230.87,2421662.62,3726696.43,575436.74,205749.95,410813.2,1001711.01,446906.04,2527257.92,278743.33,,230642.44,4939452.63,1735625.87,,2546400.82,,9389481.91,,9919930.85,,,
2025-12-29,763006.03,645296.58,1677684.27,,2785804.04,,356200.8,4031493.69,2216983.22,4207088.0,595124.96,193117.93,387413.53,846805.54,539705.68,1980043.74,290452.92,,175314.93,4797397.06,1684862.76,,2627334.51,,19773397.48,,7992923.68,,,
2025-12-30,710832.58,608796.35,1625570.42,,2703070.58,,388342.36,3888137.89,2554918.73,4021444.23,794528.7,211136.16,367081.2,953567.52,550429.72,1756901.45,453369.63,,184627.2,4631132.46,1794909.55,,2558567.36,,26888266.43,,7538529.1,,,
2025-12-31,798942.57,809720.02,1733623.45,,2613862.83,,468963.66,4153021.5,2702438.22,2800250.37,743212.81,170092.53,385902.04,881969.58,535302.51,1560378.35,407304.48,,233511.8,5265492.64,2400985.63,,2312530.5,,33121437.2,,8442766.42,,,
2026-01-01,797288.33,835555.98,1471044.25,,2711771.57,,472160.51,4155150.67,2711417.13,2806613.6,831548.62,162474.19,342635.66,886089.38,525425.15,1565353.88,403387.83,,261499.78,5343839.78,2380166.84,,2387114.43,,33794590.68,,8282258.92,,,
2026-01-02,909082.47,1053764.37,1884551.17,,2889473.66,,571579.82,4516630.04,3449727.8,2918145.44,1116178.26,216794.97,357089.71,1080796.9,614401.81,2125805.12,470929.38,,280805.61,5413226.98,2375272.76,,3129090.55,,35412475.53,,9468697.28,,,
2026-01-03,939124.96,1101929.79,2773183.7,,2917118.13,,611546.65,4418522.06,3435712.71,2936394.69,1401040.83,283139.51,431099.76,1578258.71,645343.79,2135460.62,496585.75,,277760.12,5430365.66,2475679.57,,3166203.82,,35287617.31,,9387986.45,,,
2026-01-04,937038.02,1186779.26,2873846.22,,2852421.3,,714627.93,4636435.5,3469082.2,2913326.4,1397004.72,425459.66,447365.56,1637908.11,648227.83,2431050.88,494388.88,,283986.84,5455742.43,1840938.3,,3577055.22,,32757504.03,,9185226.98,,,
2026-01-05,836193.67,1332471.73,3341156.37,,3236790.72,,739396.97,4895566.18,4175465.12,3412344.08,1495548.6,441897.35,518578.98,1968707.1,669398.16,3052076.26,519928.18,,350033.2,5732551.11,2044023.69,,4103609.61,,26486900.43,,8682531.75,,,
2026-01-06,1007644.63,1500724.03,4026573.77,624547.33,3367133.29,,849980.63,6805900.18,4970668.44,2803107.2,1448974.64,490178.28,506454.1,1875234.77,747014.98,4233187.8,485450.47,,367393.35,6187162.37,1874996.92,,3882060.76,,27165120.36,,9125666.89,,,
2026-01-07,1039399.81,1586692.54,4117747.98,683774.08,3188331.25,,890506.92,7291755.68,5501410.26,3315031.99,1953210.4,793282.74,563389.13,2015298.68,816870.03,5864286.18,624473.54,,341628.01,6708899.21,1175970.88,,4409773.73,,29338188.21,,8370257.86,,,
2026-01-08,1303344.9,2278367.09,4951635.11,836376.7,4847575.45,,1031558.98,8135983.81,7247408.38,4866295.76,2836967.07,972989.56,686736.02,2413863.01,1006990.89,7681382.67,971833.13,,503858.28,9018368.42,1556978.14,,5614566.33,,34039486.86,,10681878.89,,,
2026-01-09,1190370.7,2119855.25,4689776.66,1069889.05,4610256.13,,1071239.83,7905387.35,6820804.9,4759667.69,3291429.83,1015915.28,671060.54,2231763.67,992828.45,8140526.13,1068762.02,,537174.04,8407836.04,1557530.93,,4911288.13,,35435998.2,,10375352.27,,,
2026-01-10,1144393.43,2083202.76,3869567.14,909097.11,4610654.57,,1056890.32,8346526.72,6803317.02,4783589.14,3615614.52,971526.24,627473.86,1733906.4,952780.18,8232155.53,1076749.43,,535851.76,8371741.77,1487772.91,,4857405.91,,36097987.13,,10322040.93,,,
2026-01-11,1168392.67,2005521.56,3978988.69,868456.67,5445818.46,,4341318.15,8521794.66,6765507.2,4756160.2,3644938.9,7726764.15,644965.9,1669291.63,945559.7,8055296.76,1081098.88,,636143.93,8541147.3,1483751.21,,4454053.75,,36761520.38,,10150241.79,,,
2026-01-12,1443778.95,2042377.58,4148473.3,977893.49,5028495.11,,4529791.76,10972298.68,7017952.54,4171601.14,5016394.86,8581860.69,678350.68,1445282.0,909869.82,7919159.15,1216206.63,,646191.84,8263053.79,1444691.53,,3725453.56,,44207987.32,627871.09,10427382.27,,22396332.26,
2026-01-13,1467745.85,2273753.47,4407408.81,1126927.04,5187759.29,,4469083.95,10299003.4,6764137.61,5583186.81,5650104.57,8949205.97,735900.92,1692803.61,991151.32,8107413.15,1515112.11,,902590.31,8283708.33,2109152.64,,4656239.05,,53688236.47,1858752.34,11628746.63,,46383509.79,6533314.63
2026-01-14,1447338.87,2385465.57,4654790.91,1318234.8,5830689.17,1624079.12,4416545.37,11857514.36,6730551.99,5629120.84,6434163.87,8895215.67,733852.3,1787587.39,1112318.33,9006621.04,1694532.38,,1015691.74,7977544.85,2458282.44,,4796176.4,179278.33,69550339.11,1489006.16,13033733.78,,45956455.76,6579209.13
2026-01-15,1369517.67,2353512.42,4319640.17,1387469.47,5200131.52,2381060.82,4591129.2,13545350.96,5927319.66,6163152.43,6636683.16,8898751.89,677544.08,2351184.91,1246820.01,9250699.03,1821591.35,,927699.11,6812060.63,2255866.15,,4241755.2,260860.62,97492911.19,1800423.34,11827889.02,,39904948.59,6110499.12
2026-01-16,1410862.37,2765319.18,4365495.88,1266198.83,5353916.2,5408969.19,4686269.98,16616215.03,6319276.81,6585602.62,6931533.4,9007792.91,639182.5,2650366.84,1400541.58,9153598.19,2234654.63,,893261.61,7105556.88,2396422.25,,5809881.68,249903.34,115582202.73,1759194.25,11319428.1,,35209682.54,5140820.64
2026-01-17,1570828.87,2766824.95,4919542.15,1262904.96,5409397.02,4524327.95,4877649.29,16158090.33,6369545.19,6550221.92,6387603.85,9070591.47,618473.37,2685503.42,1416000.4,9091682.63,2313674.02,,892432.31,7078767.88,2500564.08,,5807743.97,196732.85,115383278.07,1484692.19,11379808.77,,29966399.21,4169817.52
2026-01-18,1575396.9,2791312.9,4800309.04,1198249.21,4583855.7,4093444.01,1716856.59,17201798.67,6442118.36,6572106.7,6343579.32,2330993.66,594721.28,2688218.55,1421376.28,9115646.2,2360081.58,,793913.94,6893307.18,2504503.33,,5839300.32,163667.24,120297006.54,1286606.22,11553846.83,,26805395.04,3606979.51
2026-01-19,1433366.62,2448522.85,4015145.55,1108902.22,4348946.8,6622514.52,1578034.64,15271766.3,5398163.46,6250188.36,5061457.25,1685613.17,641893.29,2600622.86,1394261.0,8458224.41,2342236.53,,756583.95,6849024.38,2486227.11,,5424404.15,142707.92,124848411.84,1237822.85,10885154.33,,26071792.75,3418492.74
2026-01-20,2043868.72,2415953.5,3906148.92,1002032.17,4559299.94,9293462.64,1850422.42,17766139.91,6269420.67,7130026.24,6797238.95,1692294.68,721961.08,2849190.68,1385513.76,8072224.08,2593430.53,,1600729.66,7896819.01,2690563.15,,5887637.68,176994.64,130465583.98,1371938.35,11002205.32,,18418667.06,2885282.23
2026-01-21,2226900.96,2638243.16,3792067.69,980622.36,4278742.24,12096658.94,2095032.43,28598026.19,7931907.75,8282039.15,10133479.41,1694569.72,771294.1,3025510.2,1327850.52,6299185.51,3903552.01,407845.33,2722777.61,9262319.68,2794406.66,,6282250.47,295028.43,136838988.4,1729495.77,11924565.71,,20157004.07,2414362.46
2026-01-22,2485164.85,3119324.52,3969671.74,1001427.3,4936895.99,12658160.93,2055989.49,34379952.7,8346129.39,8849781.36,13653303.09,1835210.7,803704.88,3420113.04,1599289.68,5277617.14,4839214.97,6318731.54,3291870.79,10986483.22,3286774.3,,6713092.54,378307.5,128277259.56,1925722.41,14823585.6,,23376155.67,2132537.97
2026-01-23,2480453.26,3405449.61,4082956.19,1407718.4,6379231.63,15383948.72,2267348.19,40297788.34,8121167.07,9766117.76,15835696.87,2233814.03,856684.72,3589543.9,1560082.86,4688450.9,5213728.0,5820742.13,3535408.66,12941967.83,3170116.51,,5145061.09,444496.09,147397006.8,3129379.62,18294512.96,,28971800.68,2477593.55
2026-01-24,2319682.08,3404463.86,3441884.52,1510717.72,6326526.53,17398270.39,2158137.95,42555811.16,7942241.46,9776677.58,15930192.84,2310185.46,841291.86,3572657.65,1561905.21,4658676.35,5149170.64,6278950.56,3552536.58,12999468.44,2959103.18,,5129153.73,442191.94,154352544.78,3125013.42,18820851.63,,29901595.93,2609888.93
2026-01-25,2483399.0,3392323.18,3518167.04,1901508.78,6336957.13,21139287.74,4804774.42,46658358.55,7976408.7,9864221.0,16196988.75,7762468.96,823852.25,3701368.53,1653206.5,4694169.32,5276487.05,6435650.37,3751725.96,15525098.37,3016075.18,,5205765.9,460150.11,163304932.39,3210363.95,20573651.98,,32368714.12,2697090.35
2026-01-26,2754908.48,3744644.33,3869249.48,2190835.93,7667697.16,30546603.06,5038681.14,63538914.97,8631575.35,12001568.48,17596194.21,8610534.65,684796.19,4098792.0,1898530.17,4952539.79,5828352.39,7670449.87,4117199.36,17509702.1,2971388.41,,5790285.5,531134.34,283318724.17,3819930.73,23163147.37,,39527890.07,3372885.18
2026-01-27,2396233.48,3496396.61,3462391.56,2460301.76,7257714.16,31604992.76,5773599.48,75495905.58,7909188.92,11502062.73,16262286.45,8709223.38,540982.76,3733011.83,1929804.61,4458122.1,6785526.95,7795812.72,3310508.14,18086677.11,2240198.62,7060896.74,4622944.83,566595.56,432543382.92,4338073.34,23207858.62,,44612280.58,4034790.31
2026-01-28,2484336.66,3208677.54,4422826.62,3740113.61,7273132.09,34252735.26,6255574.64,100982871.36,6973473.27,10618464.16,13360785.45,9406820.86,498481.89,7064066.47,2847022.92,3884912.0,7175258.13,8676024.75,2135497.72,22595007.69,2332719.25,10431474.33,3713734.31,547476.63,575091571.18,4847079.29,26766381.47,,49312967.36,4685447.62
2026-01-29,3381489.53,2524100.42,5705415.89,5830297.81,6698639.94,78047413.23,6769533.67,170561920.46,8819009.78,10026762.17,10334943.23,9499793.66,714666.01,9128628.85,3769826.47,3581777.58,7174812.54,8265641.98,1680485.56,28758314.77,2254771.5,17592983.27,4397258.77,602427.56,776785491.12,5723724.92,34339410.32,1146357.35,63103732.72,5238586.29
2026-01-30,4136610.99,2357180.91,6923639.83,7256112.27,5698616.78,111275065.37,6992837.92,255007892.07,11053104.17,13185725.94,10737832.37,9409087.86,921046.74,9872905.47,4833561.1,4359870.57,7914754.96,8296433.12,1469488.09,30265544.77,2258268.25,20397780.97,4612923.84,873519.31,1116346600.06,7561542.79,35153439.02,1414609.33,83905217.3,5560621.0
2026-01-31,4262893.38,2407523.59,7170783.51,7318063.38,6044687.04,112537026.1,7018795.67,262267714.96,11836853.05,13303890.22,11079280.2,9415585.47,969218.64,10125861.99,4991104.15,5139894.69,8187414.52,7279147.42,1459024.07,30816198.17,2288198.57,16470862.25,4757827.53,884413.46,1131231719.27,7665318.55,35659053.03,962843.2,83461358.2,5566881.91
2026-02-01,4171841.79,2446477.45,7985142.98,7615307.05,6378247.59,111191279.39,4282999.72,269272174.58,12729589.34,15236694.75,11232140.99,4074047.93,1030221.21,10368057.2,5783147.9,5835815.81,8098824.37,6371915.87,1249674.05,29586318.31,2254199.59,13914259.72,4744012.71,864149.7,1148854950.67,7632130.21,35960950.92,729816.48,83756762.55,5502607.12
2026-02-02,4630676.73,3042761.0,9300906.43,8405609.29,6099892.67,113798591.46,4564944.51,322775282.96,14494706.82,18930113.27,13868863.5,3294242.26,1652896.28,11455921.44,6740919.34,9057663.29,9778091.77,6727943.66,1027026.33,35085168.28,3139569.09,14401612.84,8482116.69,970188.71,1270035995.24,9984196.34,37496119.02,682896.17,121042873.51,5369630.34
2026-02-03,4756896.24,4154269.29,10501828.22,10126482.13,6801934.99,125658417.34,3883463.55,369551937.5,15919120.25,22166287.22,20218786.4,3037171.48,2261237.87,13029333.79,7314122.87,10995283.81,9444318.6,7353200.7,895586.85,42289454.08,3313720.6,17664791.18,11394968.71,966406.68,1276748878.72,11300769.52,40000570.38,660218.34,127439644.52,7404706.68
2026-02-04,5133224.45,6517544.81,10472314.74,10046567.27,6802813.0,128663308.9,3540554.17,376519345.44,22004875.01,23652394.36,23078042.31,2527563.82,3352912.36,10524654.06,7374773.48,11950828.86,9206356.35,7694930.04,1096111.6,41631454.94,3106696.74,17119153.47,13066444.17,930007.01,1292260827.0,12236962.17,36481493.45,727422.0,129854329.98,9639775.32
2026-02-05,5002287.12,7622376.39,14497395.43,8741619.18,7598814.81,92285571.75,3135229.66,339421264.09,25042222.48,25776669.28,25828943.07,2418474.99,4675630.36,8800276.56,7331569.91,14101406.83,12163503.05,7405935.41,1554860.53,37964279.07,3143533.67,15686295.82,13560032.9,1250765.66,1498094888.59,19546978.46,29450258.36,659124.06,141995330.93,9576140.97
2026-02-06,4922777.6,7935499.72,18512034.04,7315192.59,8672506.16,60237103.77,3049457.23,270126600.68,26183995.71,27297040.23,26372426.3,2118950.35,5149352.58,8970203.88,8386674.3,16444768.53,12734747.79,7448581.24,1790368.37,38782459.42,3402748.97,14730651.74,14721285.24,1168025.85,1395938382.75,18754525.05,28502261.35,478684.94,138207842.03,9290526.45
2026-02-07,4864095.04,7877450.06,18533316.61,7142902.73,8432315.9,56995769.13,2940271.55,262773358.1,25620551.09,27434731.35,25956818.99,2059338.72,5257689.44,8804472.81,8341754.68,16380165.38,12450775.28,7470781.62,1784449.71,38188134.49,3386999.63,14650047.14,14616521.53,1155846.86,1375158918.48,18653304.84,27782021.16,484465.18,138540879.24,9174243.37
2026-02-08,4854172.69,7818227.17,17659119.12,6449709.27,8100553.28,55703965.34,2875631.82,256825776.37,24764627.4,25531992.8,25603316.94,2264885.39,5258202.16,8466108.02,7545577.96,15807422.53,12378969.66,7580301.64,1785635.89,36982717.18,3368443.66,15850855.59,14540424.83,1167463.07,1355602741.13,18618128.95,25924186.15,489972.61,138060263.27,9105116.12
2026-02-09,4372646.77,7846604.72,17540670.02,5604789.59,7966135.31,46063842.65,2645703.34,200615583.57,23641802.52,22565588.33,25493101.25,2347632.61,5158785.13,7686122.61,7517457.06,13539240.5,13461780.57,5483070.04,1867537.21,34184669.76,3287605.97,15391432.91,11425293.17,1326466.49,1177602921.98,17678852.09,23489904.97,819212.75,105957356.79,8723703.16
2026-02-10,4556211.45,7392799.87,17256207.81,3953342.85,8276854.74,32573379.48,2433508.88,145348437.73,22850756.94,20357581.0,20938064.7,2269298.82,4990071.11,6809263.02,8547672.29,12387548.39,14604644.37,3830203.68,2344145.86,29398271.58,3693627.21,11879836.55,9365040.9,2079021.29,1054051913.37,17272994.98,21098369.15,1103176.29,106703560.88,6292279.65
2026-02-11,4585058.24,5203459.25,16708060.26,2761912.79,8598538.08,26901743.48,2353053.35,112401530.62,18609860.3,23121786.22,19207164.93,2366892.67,4353448.91,7041694.83,8487160.9,12621285.05,15749464.95,2672282.59,2318397.55,26760002.38,3630761.02,11517256.14,8482634.71,2367683.92,932541965.84,17230904.25,21258040.35,960583.18,110327582.11,3517017.03
2026-02-12,4226214.5,4116555.69,11811265.61,1989443.2,8824343.45,20858699.89,2359427.63,84249245.69,14514352.56,22204156.02,16937994.65,2351178.39,3412418.02,6684947.99,7815432.16,10982846.6,15281676.92,1821526.5,2005514.41,25605085.06,3462490.73,10502268.54,7467838.62,2573191.36,610690960.7,11501631.9,20285156.91,961276.81,102631140.52,3348920.83
2026-02-13,4115829.93,3746976.31,7341243.13,1649648.88,9614365.5,18169708.35,1876837.65,66283854.05,12769024.04,18743715.41,15648849.58,2305333.83,3315183.81,6148649.01,6325304.88,8655818.87,14393190.7,1576404.67,2028011.92,24368853.83,3574169.37,8075431.57,7012672.69,4342359.59,399635450.36,10962710.19,20536490.68,924055.02,104097057.75,3493127.75
2026-02-14,4108020.83,3773094.09,7181376.06,1643148.32,9689123.93,17939102.94,1901685.19,65010032.42,12666734.41,18963154.19,15783746.62,2219376.64,3203978.73,6083697.53,6331947.8,8216652.81,14406512.05,1597295.64,2027383.35,24635368.7,3578647.0,8060255.76,7016725.78,4363577.69,398356454.4,11009443.97,20802045.65,925010.28,104083620.96,3605569.34
2026-02-15,4051224.22,3860818.89,7191676.77,1656203.38,9748571.73,16847666.52,1910579.76,61801516.44,12641821.16,20016456.92,15742472.42,1799869.91,3236781.88,6085047.73,6568484.01,8199176.7,14407666.19,1527728.15,2105473.03,25159486.97,3567539.09,7061838.52,7010693.39,4351358.93,396432781.23,11036521.01,21082507.84,916862.94,104326994.13,3823291.89
2026-02-16,3697329.97,2944554.5,5531310.3,1553237.49,9209921.99,12859387.3,1584935.21,49734912.77,11426296.93,16976759.63,11740357.83,1531359.35,2708254.78,5411530.2,5435801.99,7464989.81,11000156.75,1493098.36,1893665.77,20571653.2,2451324.49,5578840.49,5926350.88,4013603.58,341409711.36,8997036.58,18723305.15,518095.42,95521357.29,3809359.82
2026-02-17,3842017.54,2698389.77,5276005.96,1823718.41,9197645.83,11827627.0,1613082.29,55223360.1,11468635.57,15935066.82,11132096.01,1429887.89,2689798.25,5737922.66,4932794.29,6708677.3,10888537.61,1957775.03,1981118.63,20515890.83,2027441.67,6617254.33,5918714.08,3947410.22,350151015.74,8433993.14,18884317.16,434759.0,102018971.47,3943722.33
2026-02-18,3628140.09,3086695.82,5245162.61,2463970.81,8733772.96,9948895.44,1577746.81,49911791.14,9360452.53,11913389.95,9867968.97,1080940.04,2466837.96,5042340.05,4481295.79,5651610.04,9939339.18,2206110.18,1886855.6,23322980.09,1871722.09,6161344.34,5694813.41,3780805.18,316402296.17,8848293.75,17385894.24,654906.17,95666634.75,3789738.07
2026-02-19,3206882.15,3075170.26,4825870.26,4706840.48,7383747.45,8606441.56,2053819.98,45137305.95,8719434.34,10353819.07,9441225.39,1259761.37,2076626.04,4311817.91,4402147.7,5109884.54,6974167.99,2922694.34,1831065.99,23047901.67,1800888.99,4526825.56,5283473.84,3287426.34,242130415.57,8723245.77,17026487.13,682183.2,89207889.2,3484349.75
2026-02-20,3102356.45,3233816.83,5017103.83,6828669.73,5827471.37,6941407.36,2903005.2,49721618.1,8990212.17,9596297.16,8660149.35,1709068.09,2064836.31,4092044.39,4283451.0,4776033.9,8407348.16,3017761.13,1812568.52,24450335.44,1431907.32,4419098.06,5213983.98,1461967.44,251076261.49,9222014.36,15555436.49,721153.37,93100007.84,3284371.04
2026-02-21,3077076.62,3217675.47,5010638.56,6901654.79,5738013.15,6967949.93,3244892.73,52018748.25,9314137.39,9444818.34,8639794.21,1962742.46,2170818.72,4112622.67,4295466.63,4687375.52,8411178.63,2963413.72,1813820.56,24703648.56,1442073.68,4414981.08,5212164.45,1457367.35,253221991.37,9223278.11,15198615.28,738522.11,97113264.24,3448910.95
2026-02-22,3112035.69,3156462.97,5055921.34,7523593.21,5704623.15,6803014.4,4014329.62,55754964.17,9560422.76,8573277.25,8679336.28,2227082.4,2084935.8,4146542.21,4054191.91,4520733.0,8405095.33,3164696.88,1744345.77,24629459.59,1447566.54,4097697.47,5344779.55,1456098.16,261616697.44,9184829.72,14756006.68,836650.94,98212560.94,3287477.17
2026-02-23,3597531.8,3386879.03,6439237.72,9372805.66,5758430.87,6862881.75,4664208.35,63971447.74,11284470.77,11321758.44,10462424.29,2484916.42,2324769.42,5243285.25,5260206.4,4434913.95,9263545.8,4368373.15,1945385.3,28310112.95,1693651.79,4343744.99,6045438.3,1862385.97,312192087.17,11538699.85,16870382.67,1246854.15,112898234.22,3535043.2
2026-02-24,3069224.9,4466875.09,6316653.6,11845969.71,5222441.04,8844703.15,4905072.86,66069403.39,10996967.4,11649768.09,11965369.72,2794113.44,1987794.03,4759196.25,4683181.48,4343026.96,8360526.84,4773751.12,1461386.74,30786184.36,1483664.02,3826573.39,5380474.69,1364364.86,352777702.33,14862510.7,15493215.59,1152157.01,110949355.21,3345216.76
2026-02-25,2836787.81,4262177.85,6466916.94,12519021.8,6326690.8,11387014.58,5488425.15,68919267.14,10458466.17,13090706.29,12785777.16,3985033.12,2073488.51,4814907.75,5288619.45,4902931.06,8921122.21,5388214.35,1984363.46,37256528.67,1624821.71,4673166.77,5274758.99,1619036.02,459747303.84,14595176.58,15523397.6,1342806.23,119200887.81,3302027.9
2026-02-26,2944025.99,4419164.13,6756680.35,13313475.71,6652991.54,11667184.87,5612941.81,68922504.14,11688630.25,14254207.61,13273555.69,4482294.08,2147733.18,5008585.39,6057356.01,5038248.34,12852132.57,5036035.68,2738987.33,50367801.57,1619801.41,5494832.05,5006487.3,1696522.5,528205883.11,14091415.23,14040127.73,1470855.23,130225860.82,3159694.86
2026-02-27,2906868.04,4062865.79,7086967.99,14289522.93,6462510.73,13521115.18,6035393.5,70923440.53,11053375.61,15096258.86,14337926.78,5446218.47,1975166.19,5516377.66,6797028.0,4695258.57,12383375.66,5728651.31,3561717.76,53981223.45,1945811.92,8096288.69,4503864.96,1873552.91,528613426.5,12702630.5,13432271.97,1560305.75,128512146.47,3020800.1
2026-02-28,3057667.27,4160894.14,7563337.21,15267707.95,6987443.78,14757612.58,6353122.01,95242985.01,11312385.91,17285594.14,15286174.21,7015158.46,1844907.52,5793748.52,6980155.76,5460355.97,12954955.73,6132626.97,3631763.35,57186559.55,2113450.54,8187917.82,5495660.29,1920479.37,560423673.25,12720394.08,15237211.39,1562589.18,127751875.46,3099363.21
2026-03-01,3057722.84,4169742.92,8160956.7,18655136.15,7062070.18,15751650.76,7114808.58,105115448.07,11260982.39,18471443.86,15514300.09,7994583.57,2034505.14,5929877.69,7090616.23,5943975.35,13218516.82,6316189.46,3662961.23,59900950.12,2203355.78,8504327.29,6285030.01,2285465.44,573256793.19,12820919.64,16041539.19,1486687.43,129174182.21,3251204.44
2026-03-02,3105898.35,4220227.53,9431587.78,32170172.81,7261880.47,16306780.35,7794865.83,121489306.18,11432342.19,21804726.04,16351576.6,9264154.85,1934933.75,5794914.55,6922370.74,5878108.46,13744426.84,6671336.55,3895514.46,69936517.4,2127187.98,9345798.2,8626658.87,2288572.77,660054365.39,11251174.6,19074027.57,1272691.44,152555790.82,2985473.1
2026-03-03,3265248.56,3078164.4,10166568.72,62774947.63,7968486.81,14861194.97,8937170.34,153848508.28,12571136.72,26259548.26,16362901.96,10207351.35,2142811.26,5929226.52,7821640.01,6354457.24,14092181.18,11050414.68,4309327.56,83149382.84,2154904.86,12829855.65,9783595.15,3147578.58,781580165.01,8486254.7,21698333.0,1395867.63,206146278.77,3102356.13
2026-03-04,3544591.67,2907751.19,11054173.15,90120588.11,8993344.49,12875388.84,9603301.49,159522555.2,13813716.79,28911312.85,17621616.03,10708738.1,2050678.16,5637694.37,8153599.57,7143187.7,13312930.58,15398129.18,4178522.13,76938389.18,1952951.89,15552404.43,10643481.79,2956250.28,784472732.8,8329381.35,23912018.21,1031861.88,224846794.34,3278071.83
2026-03-05,3559777.03,2938475.71,12008934.9,122092362.44,10479725.88,13057194.38,10682141.68,169901523.76,13478972.74,33084493.59,18862799.42,11375020.1,1969982.19,6162874.8,8222064.37,7249200.2,9670131.78,18037381.23,3779334.07,67530387.87,2205364.54,17670060.3,11931362.52,3082413.74,791047055.47,7347867.69,27184314.55,872833.97,221859980.72,3319554.37
2026-03-06,3371547.07,2987661.08,11563496.28,179834366.23,10861536.55,12597896.94,11859694.79,170098510.74,13396530.67,35358178.15,20044918.86,11373040.84,1903992.94,5912955.81,7919030.6,7547817.92,9301014.16,19817934.63,2917992.33,71026768.76,3195835.02,17318039.31,13731387.82,3062591.92,790923211.15,7329109.82,29403518.53,910709.88,218686933.87,3250954.48
2026-03-07,3292351.94,2925802.8,11096280.31,199776537.18,10406542.23,11649088.69,13231635.81,143432151.31,12940312.14,33114467.61,19254544.69,11173887.75,1965383.12,5670491.1,7642233.36,6850640.47,11521780.57,19796079.17,2860058.9,75122477.22,3036115.89,17234729.77,12811553.87,3001386.87,758155847.73,9020084.26,28184433.8,905025.51,216471974.32,3102573.17
2026-03-08,3295574.88,2947173.19,10658153.97,246618648.99,10408504.43,11585880.38,13999377.51,131617315.05,13350266.03,33268438.51,19546311.36,11667242.34,2019572.99,5675423.04,7605763.76,6496821.93,11839073.21,20390904.37,2824940.91,77376027.77,2957357.46,17465988.62,11971074.75,2639614.47,740915312.61,9085124.97,28415645.16,948198.44,215925746.87,3026409.98
2026-03-09,2611840.65,2618457.46,8297084.23,280897387.92,9736540.58,11138977.37,13293511.97,107576641.94,11423042.82,28402106.03,17508906.44,10729656.38,1835980.62,4738710.94,6623619.17,6044703.55,11627882.66,19530051.2,2539717.49,63737972.55,2914294.91,16875177.86,8863884.94,2233407.31,606958225.54,8870569.86,23421104.51,877736.82,175973213.31,2846425.39
